COD_NUTS;Designacao;Preco_m2_4T2024;Salario_Minimo_2024;Salario_Medio_Nacional_2024;Racio_Salario_Minimo_por_m2;Racio_Salario_Medio_por_m2
1A01106;Lisboa;3498.0;820.0;1600.0;4.27;2.19
1A01105;Cascais;3170.0;820.0;1600.0;3.87;1.98
1A01110;Oeiras;2895.0;820.0;1600.0;3.53;1.81
1500807;Lagos;2746.0;820.0;1600.0;3.35;1.72
1500801;Albufeira;2354.0;820.0;1600.0;2.87;1.47
1A01116;Odivelas;2327.0;820.0;1600.0;2.84;1.45
1500808;Loulé;2311.0;820.0;1600.0;2.82;1.44
1500815;Vila do Bispo;2303.0;820.0;1600.0;2.81;1.44
1500814;Tavira;2299.0;820.0;1600.0;2.8;1.44
1500803;Aljezur;2282.0;820.0;1600.0;2.78;1.43
11A1312;Porto;2204.0;820.0;1600.0;2.69;1.38
1B01503;Almada;2144.0;820.0;1600.0;2.61;1.34
1A01115;Amadora;2101.0;820.0;1600.0;2.56;1.31
150;Algarve;2046.0;820.0;1600.0;2.5;1.28
15;Algarve;2046.0;820.0;1600.0;2.5;1.28
1A01107;Loures;2038.0;820.0;1600.0;2.49;1.27
1500811;Portimão;2032.0;820.0;1600.0;2.48;1.27
3003103;Funchal;2029.0;820.0;1600.0;2.47;1.27
11A1308;Matosinhos;1994.0;820.0;1600.0;2.43;1.25
1500806;Lagoa;1961.0;820.0;1600.0;2.39;1.23
1500805;Faro;1926.0;820.0;1600.0;2.35;1.2
1500816;Vila Real de Santo António;1916.0;820.0;1600.0;2.34;1.2
1B01511;Sesimbra;1896.0;820.0;1600.0;2.31;1.18
1A01111;Sintra;1882.0;820.0;1600.0;2.3;1.18
1A01109;Mafra;1881.0;820.0;1600.0;2.29;1.18
1B01510;Seixal;1832.0;820.0;1600.0;2.23;1.14
11A0107;Espinho;1780.0;820.0;1600.0;2.17;1.11
1A01114;Vila Franca de Xira;1748.0;820.0;1600.0;2.13;1.09
1500810;Olhão;1747.0;820.0;1600.0;2.13;1.09
1B0;Península de Setúbal;1713.0;820.0;1600.0;2.09;1.07
1B;Península de Setúbal;1713.0;820.0;1600.0;2.09;1.07
1B01502;Alcochete;1697.0;820.0;1600.0;2.07;1.06
1D11011;Nazaré;1670.0;820.0;1600.0;2.04;1.04
1B01512;Setúbal;1674.0;820.0;1600.0;2.04;1.05
1C11513;Sines;1668.0;820.0;1600.0;2.03;1.04
11A1306;Maia;1667.0;820.0;1600.0;2.03;1.04
1500813;Silves;1664.0;820.0;1600.0;2.03;1.04
11A1317;Vila Nova de Gaia;1650.0;820.0;1600.0;2.01;1.03
1B01504;Barreiro;1611.0;820.0;1600.0;1.96;1.01
1B01507;Montijo;1599.0;820.0;1600.0;1.95;1.0
3003108;Santa Cruz;1567.0;820.0;1600.0;1.91;0.98
1B01508;Palmela;1556.0;820.0;1600.0;1.9;0.97
11A1315;Valongo;1470.0;820.0;1600.0;1.79;0.92
11A1316;Vila do Conde;1439.0;820.0;1600.0;1.75;0.9
11A1313;Póvoa de Varzim;1430.0;820.0;1600.0;1.74;0.89
11A;Área Metropolitana do Porto;1418.0;820.0;1600.0;1.73;0.89
11A1304;Gondomar;1411.0;820.0;1600.0;1.72;0.88
300;Região Autónoma da Madeira;1399.0;820.0;1600.0;1.71;0.87
1B01506;Moita;1403.0;820.0;1600.0;1.71;0.88
30;Região Autónoma da Madeira;1399.0;820.0;1600.0;1.71;0.87
3;Região Autónoma da Madeira;1399.0;820.0;1600.0;1.71;0.87
1910105;Aveiro;1397.0;820.0;1600.0;1.7;0.87
1D11014;Peniche;1398.0;820.0;1600.0;1.7;0.87
1120306;Esposende;1364.0;820.0;1600.0;1.66;0.85
1C40705;Évora;1328.0;820.0;1600.0;1.62;0.83
3003102;Câmara de Lobos;1324.0;820.0;1600.0;1.61;0.83
1C11505;Grândola;1293.0;820.0;1600.0;1.58;0.81
1D31405;Benavente;1289.0;820.0;1600.0;1.57;0.81
3003201;Porto Santo;1279.0;820.0;1600.0;1.56;0.8
1120303;Braga;1278.0;820.0;1600.0;1.56;0.8
1500812;São Brás de Alportel;1238.0;820.0;1600.0;1.51;0.77
1C11509;Santiago do Cacém;1231.0;820.0;1600.0;1.5;0.77
1910110;Ílhavo;1203.0;820.0;1600.0;1.47;0.75
3003104;Machico;1194.0;820.0;1600.0;1.46;0.75
1D11006;Caldas da Rainha;1186.0;820.0;1600.0;1.45;0.74
1D11108;Lourinhã;1153.0;820.0;1600.0;1.41;0.72
1D11012;Óbidos;1150.0;820.0;1600.0;1.4;0.72
1D11113;Torres Vedras;1143.0;820.0;1600.0;1.39;0.71
1920603;Coimbra;1120.0;820.0;1600.0;1.37;0.7
1111609;Viana do Castelo;1116.0;820.0;1600.0;1.36;0.7
1500804;Castro Marim;1111.0;820.0;1600.0;1.35;0.69
112;Cávado;1097.0;820.0;1600.0;1.34;0.69
11A1318;Trofa;1095.0;820.0;1600.0;1.34;0.68
2004203;Ponta Delgada;1095.0;820.0;1600.0;1.34;0.68
1190312;Vila Nova de Famalicão;1059.0;820.0;1600.0;1.29;0.66
1D21410;Entroncamento;1061.0;820.0;1600.0;1.29;0.66
1931009;Leiria;1051.0;820.0;1600.0;1.28;0.66
1D1;Oeste;1039.0;820.0;1600.0;1.27;0.65
1C1;Alentejo Litoral;1027.0;820.0;1600.0;1.25;0.64
1920605;Figueira da Foz;1019.0;820.0;1600.0;1.24;0.64
1;Continente;1013.0;820.0;1600.0;1.24;0.63
PT;Portugal;1008.0;820.0;1600.0;1.23;0.63
1C40712;Vendas Novas;1007.0;820.0;1600.0;1.23;0.63
1111602;Caminha;1000.0;820.0;1600.0;1.22;0.62
1910115;Ovar;1000.0;820.0;1600.0;1.22;0.62
1920604;Condeixa-a-Nova;992.0;820.0;1600.0;1.21;0.62
1D11102;Arruda dos Vinhos;988.0;820.0;1600.0;1.2;0.62
1D31415;Salvaterra de Magos;972.0;820.0;1600.0;1.19;0.61
11;Norte;962.0;820.0;1600.0;1.17;0.6
1190308;Guimarães;961.0;820.0;1600.0;1.17;0.6
2004201;Lagoa;941.0;820.0;1600.0;1.15;0.59
1120302;Barcelos;941.0;820.0;1600.0;1.15;0.59
1920608;Mira;941.0;820.0;1600.0;1.15;0.59
11A0116;São João da Madeira;916.0;820.0;1600.0;1.12;0.57
1D11005;Bombarral;908.0;820.0;1600.0;1.11;0.57
11A0109;Santa Maria da Feira;905.0;820.0;1600.0;1.1;0.57
3003105;Ponta do Sol;896.0;820.0;1600.0;1.09;0.56
11A1310;Paredes;892.0;820.0;1600.0;1.09;0.56
1931010;Marinha Grande;890.0;820.0;1600.0;1.09;0.56
1D11101;Alenquer;868.0;820.0;1600.0;1.06;0.54
1910118;Vagos;864.0;820.0;1600.0;1.05;0.54
191;Região de Aveiro;846.0;820.0;1600.0;1.03;0.53
11D1714;Vila Real;844.0;820.0;1600.0;1.03;0.53
119;Ave;837.0;820.0;1600.0;1.02;0.52
1C11501;Alcácer do Sal;839.0;820.0;1600.0;1.02;0.52
2004101;Vila do Porto;829.0;820.0;1600.0;1.01;0.52
11C1305;Lousada;811.0;820.0;1600.0;0.99;0.51
11C1309;Paços de Ferreira;810.0;820.0;1600.0;0.99;0.51
2004603;São Roque do Pico;811.0;820.0;1600.0;0.99;0.51
1D11001;Alcobaça;813.0;820.0;1600.0;0.99;0.51
1D31103;Azambuja;806.0;820.0;1600.0;0.98;0.5
1910114;Oliveira do Bairro;787.0;820.0;1600.0;0.96;0.49
1D31403;Almeirim;787.0;820.0;1600.0;0.96;0.49
3003107;Ribeira Brava;773.0;820.0;1600.0;0.94;0.48
1190314;Vizela;757.0;820.0;1600.0;0.92;0.47
1D31406;Cartaxo;751.0;820.0;1600.0;0.92;0.47
1910112;Murtosa;753.0;820.0;1600.0;0.92;0.47
1120301;Amares;750.0;820.0;1600.0;0.91;0.47
1D;Oeste e Vale do Tejo;746.0;820.0;1600.0;0.91;0.47
11A1314;Santo Tirso;735.0;820.0;1600.0;0.9;0.46
1910102;Albergaria-a-Velha;731.0;820.0;1600.0;0.89;0.46
1D3;Lezíria do Tejo;720.0;820.0;1600.0;0.88;0.45
3003101;Calheta;718.0;820.0;1600.0;0.88;0.45
3003109;Santana;718.0;820.0;1600.0;0.88;0.45
1120313;Vila Verde;704.0;820.0;1600.0;0.86;0.44
1190307;Fafe;693.0;820.0;1600.0;0.85;0.43
11A0113;Oliveira de Azeméis;698.0;820.0;1600.0;0.85;0.44
111;Alto Minho;698.0;820.0;1600.0;0.85;0.44
1500809;Monchique;696.0;820.0;1600.0;0.85;0.44
1C40706;Montemor-o-Novo;692.0;820.0;1600.0;0.84;0.43
1D11112;Sobral de Monte Agraço;691.0;820.0;1600.0;0.84;0.43
1941823;Viseu;685.0;820.0;1600.0;0.84;0.43
2004301;Angra do Heroísmo;682.0;820.0;1600.0;0.83;0.43
1C10211;Odemira;681.0;820.0;1600.0;0.83;0.43
193;Região de Leiria;672.0;820.0;1600.0;0.82;0.42
2004602;Madalena;669.0;820.0;1600.0;0.82;0.42
2;Região Autónoma dos Açores;673.0;820.0;1600.0;0.82;0.42
20;Região Autónoma dos Açores;673.0;820.0;1600.0;0.82;0.42
200;Região Autónoma dos Açores;673.0;820.0;1600.0;0.82;0.42
2004204;Povoação;663.0;820.0;1600.0;0.81;0.41
1111607;Ponte de Lima;652.0;820.0;1600.0;0.8;0.41
2004206;Vila Franca do Campo;660.0;820.0;1600.0;0.8;0.41
1111604;Monção;655.0;820.0;1600.0;0.8;0.41
1D31409;Coruche;653.0;820.0;1600.0;0.8;0.41
2004302;Vila da Praia da Vitória;656.0;820.0;1600.0;0.8;0.41
11B1703;Chaves;658.0;820.0;1600.0;0.8;0.41
2004701;Horta;650.0;820.0;1600.0;0.79;0.41
11C1311;Penafiel;638.0;820.0;1600.0;0.78;0.4
1910108;Estarreja;635.0;820.0;1600.0;0.77;0.4
11E0402;Bragança;631.0;820.0;1600.0;0.77;0.39
2004601;Lajes do Pico;618.0;820.0;1600.0;0.75;0.39
3003110;São Vicente;615.0;820.0;1600.0;0.75;0.38
1920602;Cantanhede;616.0;820.0;1600.0;0.75;0.38
192;Região de Coimbra;616.0;820.0;1600.0;0.75;0.38
3003106;Porto Moniz;607.0;820.0;1600.0;0.74;0.38
1D21421;Ourém;608.0;820.0;1600.0;0.74;0.38
1190309;Póvoa de Lanhoso;597.0;820.0;1600.0;0.73;0.37
11A0119;Vale de Cambra;598.0;820.0;1600.0;0.73;0.37
1C20205;Beja;583.0;820.0;1600.0;0.71;0.36
11C1307;Marco de Canaveses;580.0;820.0;1600.0;0.71;0.36
1D31412;Golegã;585.0;820.0;1600.0;0.71;0.37
11C1303;Felgueiras;579.0;820.0;1600.0;0.71;0.36
1D31416;Santarém;577.0;820.0;1600.0;0.7;0.36
1D31404;Alpiarça;571.0;820.0;1600.0;0.7;0.36
1111608;Valença;571.0;820.0;1600.0;0.7;0.36
1D11104;Cadaval;569.0;820.0;1600.0;0.69;0.36
1920607;Lousã;563.0;820.0;1600.0;0.69;0.35
1111606;Ponte da Barca;556.0;820.0;1600.0;0.68;0.35
1D31414;Rio Maior;556.0;820.0;1600.0;0.68;0.35
11A0104;Arouca;556.0;820.0;1600.0;0.68;0.35
1D21408;Constância;561.0;820.0;1600.0;0.68;0.35
1C4;Alentejo Central;550.0;820.0;1600.0;0.67;0.34
1931015;Pombal;551.0;820.0;1600.0;0.67;0.34
1D21420;Vila Nova da Barquinha;550.0;820.0;1600.0;0.67;0.34
1931004;Batalha;541.0;820.0;1600.0;0.66;0.34
1910101;Águeda;544.0;820.0;1600.0;0.66;0.34
1C40711;Reguengos de Monsaraz;536.0;820.0;1600.0;0.65;0.34
11C1301;Amarante;537.0;820.0;1600.0;0.65;0.34
1111610;Vila Nova de Cerveira;533.0;820.0;1600.0;0.65;0.33
1C20203;Alvito;526.0;820.0;1600.0;0.64;0.33
1920111;Mealhada;528.0;820.0;1600.0;0.64;0.33
1C40707;Mora;523.0;820.0;1600.0;0.64;0.33
11C;Tâmega e Sousa;517.0;820.0;1600.0;0.63;0.32
19;Centro;500.0;820.0;1600.0;0.61;0.31
2004202;Nordeste;489.0;820.0;1600.0;0.6;0.31
2004205;Ribeira Grande;484.0;820.0;1600.0;0.59;0.3
1D2;Médio Tejo;481.0;820.0;1600.0;0.59;0.3
1931016;Porto de Mós;465.0;820.0;1600.0;0.57;0.29
1C40704;Estremoz;466.0;820.0;1600.0;0.57;0.29
1920614;Penela;465.0;820.0;1600.0;0.57;0.29
1920610;Montemor-o-Velho;469.0;820.0;1600.0;0.57;0.29
1941810;Oliveira de Frades;466.0;820.0;1600.0;0.57;0.29
1C40708;Mourão;458.0;820.0;1600.0;0.56;0.29
1C31214;Portalegre;460.0;820.0;1600.0;0.56;0.29
1C40702;Arraiolos;462.0;820.0;1600.0;0.56;0.29
1D21419;Torres Novas;451.0;820.0;1600.0;0.55;0.28
1D21411;Ferreira do Zêzere;450.0;820.0;1600.0;0.55;0.28
11D1820;Tarouca;455.0;820.0;1600.0;0.55;0.28
1C40713;Viana do Alentejo;444.0;820.0;1600.0;0.54;0.28
1950509;Sertã;439.0;820.0;1600.0;0.54;0.27
1C;Alentejo;444.0;820.0;1600.0;0.54;0.28
1960503;Covilhã;438.0;820.0;1600.0;0.53;0.27
11C0106;Castelo de Paiva;432.0;820.0;1600.0;0.53;0.27
1C31213;Ponte de Sor;424.0;820.0;1600.0;0.52;0.26
1D21418;Tomar;419.0;820.0;1600.0;0.51;0.26
1910103;Anadia;420.0;820.0;1600.0;0.51;0.26
1C20206;Castro Verde;416.0;820.0;1600.0;0.51;0.26
1C20207;Cuba;421.0;820.0;1600.0;0.51;0.26
1920617;Vila Nova de Poiares;422.0;820.0;1600.0;0.51;0.26
1C40701;Alandroal;407.0;820.0;1600.0;0.5;0.25
2004501;Calheta;414.0;820.0;1600.0;0.5;0.26
1960907;Guarda;406.0;820.0;1600.0;0.5;0.25
1111601;Arcos de Valdevez;401.0;820.0;1600.0;0.49;0.25
11B;Alto Tâmega e Barroso;400.0;820.0;1600.0;0.49;0.25
1D31407;Chamusca;396.0;820.0;1600.0;0.48;0.25
11E0407;Mirandela;395.0;820.0;1600.0;0.48;0.25
1C40714;Vila Viçosa;393.0;820.0;1600.0;0.48;0.25
1941816;São Pedro do Sul;388.0;820.0;1600.0;0.47;0.24
1C40703;Borba;380.0;820.0;1600.0;0.46;0.24
194;Viseu Dão Lafões;380.0;820.0;1600.0;0.46;0.24
1920615;Soure;378.0;820.0;1600.0;0.46;0.24
1C20213;Serpa;378.0;820.0;1600.0;0.46;0.24
1C31207;Elvas;380.0;820.0;1600.0;0.46;0.24
1111605;Paredes de Coura;381.0;820.0;1600.0;0.46;0.24
1920609;Miranda do Corvo;379.0;820.0;1600.0;0.46;0.24
1C40710;Redondo;365.0;820.0;1600.0;0.45;0.23
1C20201;Aljustrel;373.0;820.0;1600.0;0.45;0.23
1120310;Terras de Bouro;373.0;820.0;1600.0;0.45;0.23
1921808;Mortágua;373.0;820.0;1600.0;0.45;0.23
1D21401;Abrantes;368.0;820.0;1600.0;0.45;0.23
1941814;Santa Comba Dão;357.0;820.0;1600.0;0.44;0.22
1910117;Sever do Vouga;364.0;820.0;1600.0;0.44;0.23
1C31202;Arronches;357.0;820.0;1600.0;0.44;0.22
2004502;Velas;364.0;820.0;1600.0;0.44;0.23
1C2;Baixo Alentejo;362.0;820.0;1600.0;0.44;0.23
1950502;Castelo Branco;351.0;820.0;1600.0;0.43;0.22
1D21402;Alcanena;353.0;820.0;1600.0;0.43;0.22
1C31203;Avis;341.0;820.0;1600.0;0.42;0.21
1941809;Nelas;347.0;820.0;1600.0;0.42;0.22
1C20214;Vidigueira;341.0;820.0;1600.0;0.42;0.21
11B1702;Boticas;341.0;820.0;1600.0;0.42;0.21
1960504;Fundão;347.0;820.0;1600.0;0.42;0.22
1931008;Figueiró dos Vinhos;335.0;820.0;1600.0;0.41;0.21
11E;Terras de Trás-os-Montes;329.0;820.0;1600.0;0.4;0.21
1C31204;Campo Maior;331.0;820.0;1600.0;0.4;0.21
11B1713;Vila Pouca de Aguiar;316.0;820.0;1600.0;0.39;0.2
1C31208;Fronteira;320.0;820.0;1600.0;0.39;0.2
1190304;Cabeceiras de Basto;319.0;820.0;1600.0;0.39;0.2
1191705;Mondim de Basto;313.0;820.0;1600.0;0.38;0.2
1931013;Pedrógão Grande;309.0;820.0;1600.0;0.38;0.19
1C3;Alto Alentejo;310.0;820.0;1600.0;0.38;0.19
1C20212;Ourique;313.0;820.0;1600.0;0.38;0.2
11C0305;Celorico de Basto;300.0;820.0;1600.0;0.37;0.19
11C1302;Baião;304.0;820.0;1600.0;0.37;0.19
1960501;Belmonte;300.0;820.0;1600.0;0.37;0.19
1C40709;Portel;302.0;820.0;1600.0;0.37;0.19
1C31205;Castelo de Vide;306.0;820.0;1600.0;0.37;0.19
1950508;Proença-a-Nova;300.0;820.0;1600.0;0.37;0.19
11D1805;Lamego;300.0;820.0;1600.0;0.37;0.19
1C20210;Moura;300.0;820.0;1600.0;0.37;0.19
1190311;Vieira do Minho;278.0;820.0;1600.0;0.34;0.17
11E0405;Macedo de Cavaleiros;278.0;820.0;1600.0;0.34;0.17
196;Beiras e Serra da Estrela;275.0;820.0;1600.0;0.34;0.17
1C20208;Ferreira do Alentejo;278.0;820.0;1600.0;0.34;0.17
1941803;Castro Daire;278.0;820.0;1600.0;0.34;0.17
11D1708;Peso da Régua;275.0;820.0;1600.0;0.34;0.17
1920611;Oliveira do Hospital;281.0;820.0;1600.0;0.34;0.18
11D1701;Alijó;272.0;820.0;1600.0;0.33;0.17
1C31215;Sousel;270.0;820.0;1600.0;0.33;0.17
1960912;Seia;269.0;820.0;1600.0;0.33;0.17
1920601;Arganil;268.0;820.0;1600.0;0.33;0.17
11D1710;Sabrosa;274.0;820.0;1600.0;0.33;0.17
11D1704;Mesão Frio;270.0;820.0;1600.0;0.33;0.17
1941821;Tondela;263.0;820.0;1600.0;0.32;0.16
1D21417;Sardoal;262.0;820.0;1600.0;0.32;0.16
1941806;Mangualde;264.0;820.0;1600.0;0.32;0.16
1931003;Ansião;262.0;820.0;1600.0;0.32;0.16
11B1712;Valpaços;265.0;820.0;1600.0;0.32;0.17
11D;Douro;260.0;820.0;1600.0;0.32;0.16
1941817;Sátão;266.0;820.0;1600.0;0.32;0.17
11C1813;Resende;254.0;820.0;1600.0;0.31;0.16
195;Beira Baixa;256.0;820.0;1600.0;0.31;0.16
1920606;Góis;251.0;820.0;1600.0;0.31;0.16
1500802;Alcoutim;250.0;820.0;1600.0;0.3;0.16
1C31201;Alter do Chão;250.0;820.0;1600.0;0.3;0.16
1920613;Penacova;248.0;820.0;1600.0;0.3;0.16
1920616;Tábua;244.0;820.0;1600.0;0.3;0.15
1931007;Castanheira de Pêra;250.0;820.0;1600.0;0.3;0.16
1C20202;Almodôvar;243.0;820.0;1600.0;0.3;0.15
1950506;Oleiros;234.0;820.0;1600.0;0.29;0.15
1941802;Carregal do Sal;238.0;820.0;1600.0;0.29;0.15
1960909;Mêda;238.0;820.0;1600.0;0.29;0.15
11D0403;Carrazeda de Ansiães;238.0;820.0;1600.0;0.29;0.15
1931002;Alvaiázere;232.0;820.0;1600.0;0.28;0.14
11B1706;Montalegre;222.0;820.0;1600.0;0.27;0.14
1941824;Vouzela;219.0;820.0;1600.0;0.27;0.14
1C31211;Monforte;225.0;820.0;1600.0;0.27;0.14
1111603;Melgaço;212.0;820.0;1600.0;0.26;0.13
1941822;Vila Nova de Paiva;216.0;820.0;1600.0;0.26;0.14
1960906;Gouveia;211.0;820.0;1600.0;0.26;0.13
11D0914;Vila Nova de Foz Côa;217.0;820.0;1600.0;0.26;0.14
1C31212;Nisa;217.0;820.0;1600.0;0.26;0.14
2004401;Santa Cruz da Graciosa;209.0;820.0;1600.0;0.25;0.13
1C20209;Mértola;208.0;820.0;1600.0;0.25;0.13
11D1807;Moimenta da Beira;209.0;820.0;1600.0;0.25;0.13
11E0401;Alfândega da Fé;206.0;820.0;1600.0;0.25;0.13
11D1711;Santa Marta de Penaguião;200.0;820.0;1600.0;0.24;0.12
1960908;Manteigas;200.0;820.0;1600.0;0.24;0.12
1C31206;Crato;200.0;820.0;1600.0;0.24;0.12
1C31210;Marvão;200.0;820.0;1600.0;0.24;0.12
11B1709;Ribeira de Pena;198.0;820.0;1600.0;0.24;0.12
11D1815;São João da Pesqueira;200.0;820.0;1600.0;0.24;0.12
11C1804;Cinfães;189.0;820.0;1600.0;0.23;0.12
11D0404;Freixo de Espada à Cinta;190.0;820.0;1600.0;0.23;0.12
11E0408;Mogadouro;177.0;820.0;1600.0;0.22;0.11
1940901;Aguiar da Beira;178.0;820.0;1600.0;0.22;0.11
1C31209;Gavião;179.0;820.0;1600.0;0.22;0.11
11E0411;Vimioso;180.0;820.0;1600.0;0.22;0.11
1960903;Celorico da Beira;184.0;820.0;1600.0;0.22;0.12
11E0406;Miranda do Douro;176.0;820.0;1600.0;0.21;0.11
11E0412;Vinhais;171.0;820.0;1600.0;0.21;0.11
1920612;Pampilhosa da Serra;175.0;820.0;1600.0;0.21;0.11
1941811;Penalva do Castelo;175.0;820.0;1600.0;0.21;0.11
1960910;Pinhel;171.0;820.0;1600.0;0.21;0.11
11D1707;Murça;167.0;820.0;1600.0;0.2;0.1
1950507;Penamacor;167.0;820.0;1600.0;0.2;0.1
1950510;Vila de Rei;162.0;820.0;1600.0;0.2;0.1
1960911;Sabugal;155.0;820.0;1600.0;0.19;0.1
11D1819;Tabuaço;151.0;820.0;1600.0;0.18;0.09
1960902;Almeida;145.0;820.0;1600.0;0.18;0.09
1960913;Trancoso;138.0;820.0;1600.0;0.17;0.09
1950511;Vila Velha de Ródão;136.0;820.0;1600.0;0.17;0.08
11E0410;Vila Flor;135.0;820.0;1600.0;0.16;0.08
11D0409;Torre de Moncorvo;132.0;820.0;1600.0;0.16;0.08
11D1801;Armamar;126.0;820.0;1600.0;0.15;0.08
1950505;Idanha-a-Nova;122.0;820.0;1600.0;0.15;0.08
1D21413;Mação;113.0;820.0;1600.0;0.14;0.07
1960904;Figueira de Castelo Rodrigo;95.0;820.0;1600.0;0.12;0.06
11D1818;Sernancelhe;100.0;820.0;1600.0;0.12;0.06
1960905;Fornos de Algodres;74.0;820.0;1600.0;0.09;0.05
;;;820.0;1600.0;;
11D1812;Penedono;;820.0;1600.0;;
1C20204;Barrancos;;820.0;1600.0;;
2004901;Corvo;;820.0;1600.0;;
2004801;Lajes das Flores;;820.0;1600.0;;
2004802;Santa Cruz das Flores;;820.0;1600.0;;
